parameter,estimate,std_err,t_stat
mu,-0.090280,0.060187,-1.500000
omega,2.049996,0.301160,6.806990
alpha,0.513753,0.056499,9.093198
gamma,-0.072716,0.034654,-2.098341
beta,-0.016693,0.148234,-0.112615
nu,37.412569,23.562937,1.587772
log-lik,-4616.361097,,
AIC,9244.722195,,
BIC,9278.029316,,
N obs,1903.000000,,
