variable,beta,se_ols,t_ols,se_hac,t_hac
const,0.004104,0.002232,1.838682,0.002578,1.591964
pi_eth_btc,1.404690,0.056130,25.025500,0.112778,12.455305
rv_btc,-0.007888,0.062403,-0.126404,0.082687,-0.095397
log_vol_ratio,0.001170,0.000668,1.751916,0.000671,1.741952
btc_logret,-0.035514,0.041891,-0.847763,0.058067,-0.611600
d_reg_kr,0.006756,0.002176,3.105588,0.006046,1.117456
d_global,-0.018797,0.003603,-5.217659,0.004940,-3.805064
R^2,0.266260,,,,
N,1904.000000,,,,
NW lag L,7.000000,,,,
